Accuracy,Precision,Recall,F1-score
0.7069616837560713,0.7261938392581232,0.7115079034083321,0.7102042942156698
